{
  "trf": [
    {
      "trainingTitle": "JAVA",
      "intiatedFrom": "Pankaj Sharma",
      "trainingType": "FRW(Future Ready Workforce)",
      "projectName": "SDC",
      "resourceType": "Lateral",
      "duration": "12",
      "count": "80",
      "skillsImparted": "JAVA SCRIPT",
      "purposeOfTraining": "Java TRaining",
      "startDate": "2023-07-13",
      "endDate": "2023-08-18",
      "id": 1
    },
    {
      "trainingTitle": "JAVA",
      "intiatedFrom": "Pankaj Sharma",
      "trainingType": "DRWF(Digital Ready Workforce)",
      "projectName": "SDC",
      "resourceType": "On Bench",
      "duration": "20",
      "count": "23",
      "skillsImparted": "OOP concet",
      "purposeOfTraining": "Improvement BASICS ",
      "startDate": "2023-07-15",
      "endDate": "2023-07-21",
      "id": 2
    }
  ],
  "profile": {
    "name": "typicode"
  }
}